{"onset_kick_mean":8.675250053405762,"onset_kick_std":3.264514446258545,"onset_hats_mean":10.608726501464844,"onset_hats_std":4.024288654327393,"onoff_ratio_mean":1.9123276472091675,"onoff_ratio_std":2.1751351356506348}