{"onset_kick_mean":7.261904716491699,"onset_kick_std":2.389389753341675,"onset_hats_mean":9.089946746826172,"onset_hats_std":2.0476737022399902,"onoff_ratio_mean":2.804147958755493,"onoff_ratio_std":1.9901920557022095}