{"onset_kick_mean":9.18727970123291,"onset_kick_std":3.2061524391174316,"onset_hats_mean":10.570672035217285,"onset_hats_std":3.7082595825195312,"onoff_ratio_mean":0.7713756561279297,"onoff_ratio_std":0.8159963488578796}