{"onset_kick_mean":9.007380485534668,"onset_kick_std":4.238805770874023,"onset_hats_mean":11.554981231689453,"onset_hats_std":4.151970863342285,"onoff_ratio_mean":19559.14453125,"onoff_ratio_std":180142.75}